농장아이디,개체 구별 번호,산차,교배지수,경과일,교배일,임신 사고기간,임신 사고 원인,임신 기간,분만일,총산자수,미라,사산,실산자수,생시도태두수,양자전입두수,양자전출두수,포유자돈폐사 두수,부분이유 두수,포유기간,이유일,이유두수
PF_0000347_01,429,10,1,0,20130627,,,115,20131020,6,0,2,4,,,,,,25,20131114,4
PF_0000347_01,431,8,1,0,20130621,,,115,20131014,9,0,0,9,,,,,,24,20131107,10
PF_0000347_01,440,8,1,0,20130625,,,115,20131018,7,0,0,7,,,,,,27,20131114,8
PF_0000347_01,611,7,1,0,20130901,,,117,20131227,5,0,0,5,,,,,,27,20140123,9
PF_0000347_01,612,7,1,0,20130806,,,114,20131128,11,0,0,11,,,,,,21,20131219,8
PF_0000347_01,620,7,1,0,20130717,,,114,20131108,13,0,1,12,,,,,,27,20131205,10
PF_0000347_01,625,6,1,0,20130619,,,115,20131012,11,0,1,10,,,,,,26,20131107,9
PF_0000347_01,626,7,1,0,20130730,,,115,20131122,12,0,2,10,,,,,,20,20131212,10
PF_0000347_01,640,8,1,0,20130702,,,115,20131025,13,0,4,9,,,,,,27,20131121,9
PF_0000347_01,645,7,1,0,20130806,,,118,20131202,4,0,2,2,,,,,,24,20131226,8
PF_0000347_01,652,5,1,0,20130806,,,118,20131202,8,0,0,8,,,,,,24,20131226,10
PF_0000347_01,659,7,1,0,20130626,,,115,20131019,7,0,1,6,,,,,,26,20131114,8
PF_0000347_01,661,7,1,0,20130730,,,118,20131125,12,0,1,11,,,,,,24,20131219,10
PF_0000347_01,672,5,1,0,20130710,,,116,20131103,11,0,3,8,,,,,,32,20131205,10
PF_0000347_01,675,5,1,0,20130626,,,115,20131019,11,0,0,11,,,,,,26,20131114,7
PF_0000347_01,689,5,1,0,20130806,,,115,20131129,10,0,0,10,,,,,,27,20131226,9
PF_0000347_01,709,5,1,0,20130709,,,115,20131101,10,0,0,10,,,,,,27,20131128,9
PF_0000347_01,716,5,1,0,20130819,,,117,20131214,14,0,0,14,,,,,,26,20140109,10
PF_0000347_01,720,5,1,0,20130817,,,114,20131209,16,0,0,16,,,,,,24,20140102,10
PF_0000347_01,724,5,1,0,20130819,,,116,20131213,9,0,1,8,,,,,,27,20140109,10
PF_0000347_01,726,5,1,0,20130903,,,114,20131226,10,0,0,10,,,,,,28,20140123,9
PF_0000347_01,728,5,1,0,20130826,,,115,20131219,9,0,1,8,,,,,,22,20140110,0
PF_0000347_01,729,4,1,0,20130617,,,115,20131010,4,0,0,4,,,,,,28,20131107,10
PF_0000347_01,730,5,1,0,20130813,,,116,20131207,11,0,1,10,,,,,,26,20140102,10
PF_0000347_01,731,5,1,0,20130903,,,118,20131230,15,0,1,14,,,,,,24,20140123,10
PF_0000347_01,761,6,1,0,20130831,,,116,20131225,12,0,2,10,,,,,,22,20140116,10
PF_0000347_01,762,6,1,0,20130819,,,114,20131211,15,0,2,13,,,,,,22,20140102,11
PF_0000347_01,767,6,1,0,20130826,,,114,20131218,7,0,3,4,,,,,,29,20140116,11
PF_0000347_01,774,6,1,0,20130730,,,114,20131121,11,0,0,11,,,,,,28,20131219,10
PF_0000347_01,782,5,1,0,20130718,,,119,20131114,12,0,0,12,,,,,,28,20131212,10
PF_0000347_01,783,7,1,0,20130706,,,115,20131029,8,0,1,7,,,,,,23,20131121,9
PF_0000347_01,820,3,1,0,20130810,,,117,20131205,13,0,1,12,,,,,,21,20131226,10
PF_0000347_01,821,3,1,0,20130702,,,115,20131025,11,0,0,11,,,,,,34,20131128,10
PF_0000347_01,822,4,1,0,20130819,,,115,20131212,12,0,1,11,,,,,,21,20140102,10
PF_0000347_01,823,5,1,0,20130827,,,116,20131221,11,0,1,10,,,,,,26,20140116,11
PF_0000347_01,831,4,1,0,20130902,,,117,20131228,13,0,1,12,,,,,,26,20140123,10
PF_0000347_01,838,3,1,0,20130627,,,115,20131020,10,0,0,10,,,,,,25,20131114,8
PF_0000347_01,839,3,1,0,20130622,,,115,20131015,0,0,0,0,,,,11,,28,20131112,0
PF_0000347_01,846,3,1,0,20130704,,,115,20131027,13,0,2,11,,,,,,32,20131128,10
PF_0000347_01,850,3,1,0,20130709,,,115,20131101,10,0,0,10,,,,,,27,20131128,9
PF_0000347_01,853,3,1,0,20130701,,,115,20131024,12,0,1,11,,,,,,28,20131121,10
PF_0000347_01,858,3,1,0,20130802,,,117,20131127,6,0,0,6,,,,,,22,20131219,10
PF_0000347_01,860,3,1,0,20130618,,,115,20131011,16,0,2,14,,,,,,27,20131107,10
PF_0000347_01,861,2,1,0,20130628,,,115,20131021,13,0,0,13,,,,,,31,20131121,9
PF_0000347_01,864,3,1,0,20130723,,,117,20131117,14,0,2,12,,,,,,25,20131212,10
PF_0000347_01,875,3,1,0,20130708,,,115,20131031,17,0,6,11,,,,,,28,20131128,10
PF_0000347_01,876,3,1,0,20130801,,,116,20131125,10,0,2,8,,,,,,1,20131126,0
PF_0000347_01,877,3,1,0,20130830,,,117,20131225,15,0,1,14,,,,,,22,20140116,11
PF_0000347_01,878,3,1,0,20130709,,,115,20131101,12,0,2,10,,,,,,27,20131128,9
PF_0000347_01,879,3,1,0,20130704,,,115,20131027,10,0,1,9,,,,,,25,20131121,9
PF_0000347_01,884,3,1,0,20130715,,,115,20131107,13,0,0,13,,,,,,28,20131205,10
PF_0000347_01,886,4,1,0,20130723,,,116,20131116,8,0,0,8,,,,,,26,20131212,10
PF_0000347_01,888,4,1,0,20130709,,,118,20131104,11,0,1,10,,,,,,24,20131128,9
PF_0000347_01,890,5,1,0,20130619,,,115,20131012,10,0,0,10,,,,,,26,20131107,11
PF_0000347_01,891,4,1,0,20130806,,,117,20131201,9,0,0,9,,,,,,25,20131226,8
PF_0000347_01,898,4,1,0,20130813,,,116,20131207,11,0,1,10,,,,,,26,20140102,10
PF_0000347_01,900,4,1,0,20130703,,,115,20131026,10,0,0,10,,,,,,26,20131121,10
PF_0000347_01,901,4,1,0,20130701,,,115,20131024,10,0,3,7,,,,,,28,20131121,10
PF_0000347_01,907,4,1,0,20130819,,,116,20131213,17,0,3,14,,,,,,27,20140109,11
PF_0000347_01,909,4,1,0,20130708,,,115,20131031,15,0,2,13,,,,,,28,20131128,9
PF_0000347_01,911,4,1,0,20130730,,,113,20131120,14,0,1,13,,,,,,29,20131219,9
PF_0000347_01,913,4,1,0,20130820,,,117,20131215,8,0,1,7,,,,,,25,20140109,10
PF_0000347_01,914,4,1,0,20130806,,,115,20131129,10,0,0,10,,,,,,27,20131226,9
PF_0000347_01,915,8,1,0,20130709,,,117,20131103,10,0,0,10,,,,,,25,20131128,10
PF_0000347_01,922,3,1,0,20130709,,,117,20131103,7,0,2,5,,,,,,25,20131128,9
PF_0000347_01,923,4,1,0,20130704,,,115,20131027,9,0,0,9,,,,,,25,20131121,10
PF_0000347_01,924,4,1,0,20130723,,,114,20131114,10,0,2,8,,,,,,28,20131212,10
PF_0000347_01,925,4,1,0,20130903,,,117,20131229,9,0,0,9,,,,,,25,20140123,9
PF_0000347_01,926,4,1,0,20130709,,,116,20131102,9,0,1,8,,,,,,26,20131128,10
PF_0000347_01,927,4,1,0,20130823,,,115,20131216,12,0,0,12,,,,,,24,20140109,11
PF_0000347_01,937,3,1,0,20130625,,,115,20131018,10,0,1,9,,,,,,27,20131114,8
PF_0000347_01,941,1,1,0,20130820,,,116,20131214,8,0,0,8,,,,,,26,20140109,8
PF_0000347_01,942,1,1,0,20130802,,,117,20131127,13,0,2,11,,,,,,22,20131219,10
PF_0000347_01,946,1,1,0,20130619,,,115,20131012,14,0,2,12,,,,,,26,20131107,10
PF_0000347_01,948,1,1,0,20130703,,,115,20131026,10,0,0,10,,,,,,26,20131121,11
PF_0000347_01,949,1,1,0,20130903,,,117,20131229,15,0,1,14,,,,,,25,20140123,10
PF_0000347_01,950,2,1,0,20130903,,,117,20131229,5,0,0,5,,,,,,25,20140123,10
PF_0000347_01,952,1,1,0,20130820,,,115,20131213,16,0,2,14,,,,,,27,20140109,10
PF_0000347_01,955,1,1,0,20130820,,,117,20131215,5,0,0,5,,,,,,25,20140109,10
PF_0000347_01,956,1,1,0,20130812,,,115,20131205,16,0,2,14,,,,,,21,20131226,12
PF_0000347_01,965,3,1,0,20130812,,,117,20131207,10,0,0,10,,,,,,26,20140102,10
PF_0000347_01,966,1,1,0,20130708,,,115,20131031,7,0,0,7,,,,,,35,20131205,10
PF_0000347_01,967,1,1,0,20130627,,,115,20131020,12,0,1,11,,,,,,25,20131114,10
PF_0000347_01,970,1,1,0,20130704,,,115,20131027,9,0,0,9,,,,,,25,20131121,10
PF_0000347_01,973,1,1,0,20130723,,,116,20131116,13,0,0,13,,,,,,26,20131212,10
PF_0000347_01,974,0,1,249,20130705,,,115,20131028,7,0,0,7,,,,,,24,20131121,7
PF_0000347_01,975,1,1,0,20130627,,,115,20131020,2,0,1,1,,,,,,25,20131114,8
PF_0000347_01,976,3,1,0,20130717,,,116,20131110,7,0,0,7,,,,,,25,20131205,10
PF_0000347_01,977,1,1,0,20130803,,,114,20131125,12,0,0,12,,,,,,24,20131219,10
PF_0000347_01,978,1,1,0,20130709,,,115,20131101,11,0,0,11,,,,,,27,20131128,10
PF_0000347_01,981,1,1,0,20130903,,,117,20131229,6,0,0,6,,,,,,25,20140123,10
PF_0000347_01,982,1,1,0,20130716,,,116,20131109,9,0,1,8,,,,,,26,20131205,10
PF_0000347_01,988,1,1,0,20130715,,,115,20131107,15,0,1,14,,,,,,28,20131205,10
PF_0000347_01,989,1,1,0,20130822,,,116,20131216,12,0,0,12,,,,,,24,20140109,11
PF_0000347_01,994,0,1,249,20130626,,,115,20131019,10,0,0,10,,,,,,26,20131114,10
PF_0000347_01,995,0,1,249,20130621,,,115,20131014,13,0,0,13,,,,,,24,20131107,9
PF_0000347_01,997,3,1,0,20130703,,,115,20131026,11,0,1,10,,,,,,26,20131121,10
PF_0000347_01,999,0,1,249,20130615,,,115,20131008,11,0,2,9,,,,,,30,20131107,11
PF_0000347_01,1005,3,1,0,20130807,,,113,20131128,13,0,1,12,,,,,,28,20131226,8
PF_0000347_01,1006,0,1,241,20130709,,,115,20131101,10,0,0,10,,,,,,27,20131128,9
PF_0000347_01,1007,0,1,241,20130708,,,117,20131102,13,0,1,12,,,,,,26,20131128,10
PF_0000347_01,1009,0,1,249,20130625,,,115,20131018,12,0,0,12,,,,,,20,20131107,10
PF_0000347_01,1010,0,1,249,20130625,,,115,20131018,7,0,0,7,,,,,,27,20131114,9
PF_0000347_01,1012,0,1,249,20130622,,,115,20131015,5,0,0,5,,,,,,23,20131107,10
PF_0000347_01,1013,2,1,0,20130830,,,116,20131224,15,0,1,14,,,,,,23,20140116,11
PF_0000347_01,1017,0,1,249,20130706,,,115,20131029,11,0,1,10,,,,,,30,20131128,10
PF_0000347_01,1020,3,1,0,20130819,,,117,20131214,6,0,0,6,,,,,,26,20140109,10
PF_0000347_01,1021,3,1,0,20130709,,,115,20131101,11,0,3,8,,,,,,27,20131128,9
PF_0000347_01,1023,3,1,0,20130826,,,114,20131218,17,0,2,15,,,,,,22,20140109,10
PF_0000347_01,1025,3,1,0,20130723,,,121,20131121,1,0,1,0,,,,,,21,20131212,10
PF_0000347_01,1026,3,1,0,20130702,,,115,20131025,7,0,0,7,,,,,,27,20131121,9
PF_0000347_01,1030,3,1,0,20130709,,,116,20131102,11,0,0,11,,,,,,26,20131128,9
PF_0000347_01,1031,0,1,241,20130730,,,118,20131125,3,0,0,3,,,,,,0,20131125,0
PF_0000347_01,1038,1,1,0,20130724,,,114,20131115,14,0,1,13,,,,,,27,20131212,10
PF_0000347_01,1046,3,1,0,20130717,,,117,20131111,8,0,1,7,,,,,,24,20131205,10
PF_0000347_01,1047,2,1,0,20130716,,,117,20131110,12,0,0,12,,,,,,25,20131205,10
PF_0000347_01,1049,2,1,0,20130820,,,114,20131212,10,0,1,9,,,,,,21,20140102,12
PF_0000347_01,1050,3,1,0,20130816,,,116,20131210,14,0,1,13,,,,,,23,20140102,10
PF_0000347_01,1051,2,1,0,20130716,,,114,20131107,11,0,0,11,,,,,,28,20131205,10
PF_0000347_01,1054,3,1,0,20130901,,,114,20131224,9,0,2,7,,,,,,23,20140116,10
PF_0000347_01,1056,2,1,0,20130827,,,116,20131221,13,0,0,13,,,,,,26,20140116,11
PF_0000347_01,1057,2,1,0,20130716,,,115,20131108,15,0,0,15,,,,,,27,20131205,10
PF_0000347_01,1077,3,1,0,20130903,,,115,20131227,10,0,0,10,,,,,,27,20140123,10
PF_0000347_01,1078,3,1,0,20130820,,,117,20131215,13,0,1,12,,,,,,25,20140109,10
PF_0000347_01,1080,2,1,0,20130627,,,115,20131020,11,0,1,10,,,,,,25,20131114,9
PF_0000347_01,1083,3,1,0,20130826,,,115,20131219,12,0,0,12,,,,,,28,20140116,11
PF_0000347_01,1085,0,1,241,20130729,,,117,20131123,13,0,2,11,,,,,,26,20131219,10
PF_0000347_01,1086,0,1,242,20130901,,,117,20131227,15,0,2,13,,,,,,27,20140123,11
PF_0000347_01,1089,0,1,241,20130724,,,119,20131120,12,0,2,10,,,,,,22,20131212,10
PF_0000347_01,1090,0,1,242,20130802,,,117,20131127,12,0,0,12,,,,,,22,20131219,10
PF_0000347_01,1091,0,1,241,20130724,,,118,20131119,11,0,1,10,,,,,,30,20131219,10
PF_0000347_01,1093,0,1,242,20130831,,,114,20131223,11,0,1,10,,,,,,24,20140116,10
PF_0000347_01,1094,0,1,242,20130906,,,116,20131231,12,0,0,12,,,,,,23,20140123,10
PF_0000347_01,1104,3,1,0,20130906,,,115,20131230,5,0,0,5,,,,,,0,20131230,0
PF_0000347_01,1286,8,1,0,20130721,,,116,20131114,11,0,2,9,,,,,,28,20131212,10
PF_0000347_01,1291,0,1,242,20130831,,,114,20131223,13,0,1,12,,,,,,24,20140116,11
PF_0000347_01,1305,0,1,241,20130724,,,115,20131116,11,0,3,8,,,,,,26,20131212,10
PF_0000347_01,1314,0,1,242,20130810,,,116,20131204,13,0,2,11,,,,,,22,20131226,12
PF_0000347_01,1322,0,1,187,20130806,,,115,20131129,10,0,0,10,,,,,,27,20131226,10
PF_0000347_01,1324,0,1,242,20130803,,,116,20131127,11,0,1,10,,,,,,22,20131219,8
PF_0000347_01,1357,0,1,195,20130827,,,115,20131220,7,0,0,7,,,,,,27,20140116,10
PF_0000347_01,1552,1,1,0,20130623,,,115,20131016,10,0,0,10,,,,,,29,20131114,10
PF_0000347_01,1566,1,1,0,20130828,,,113,20131219,15,0,3,12,,,,,,28,20140116,11
PF_0000347_01,1568,1,1,0,20130903,,,115,20131227,12,0,1,11,,,,,,27,20140123,10
PF_0000347_01,1572,1,1,0,20130716,,,115,20131108,17,0,0,17,,,,,,27,20131205,10
PF_0000347_01,1574,1,1,0,20130723,,,115,20131115,12,0,1,11,,,,,,27,20131212,10
PF_0000347_01,1606,1,1,0,20130904,,,116,20131229,7,0,0,7,,,,,,25,20140123,10
PF_0000347_01,1627,1,1,0,20130627,,,115,20131020,9,0,1,8,,,,,,32,20131121,8
PF_0000347_01,1674,1,1,0,20130820,,,114,20131212,11,0,0,11,,,,,,21,20140102,11
PF_0000347_01,1693,4,1,0,20130723,,,116,20131116,8,0,0,8,,,,,,26,20131212,10
PF_0000347_01,1694,3,1,0,20130701,,,115,20131024,8,0,1,7,,,,,,28,20131121,10
PF_0000347_01,1725,4,1,0,20130825,,,112,20131215,12,0,1,11,,,,,,25,20140109,10
PF_0002615,218,0,1,238,20130209,,,114,20130603,14,0,2,12,,,,1,,17,20130620,11
PF_0002615,218,1,2,0,20130827,,,115,20131220,13,0,1,12,,,,2,,20,20140109,10
PF_0002615,219,0,1,243,20130214,,,115,20130609,17,0,3,14,,,,3,,18,20130627,11
PF_0002615,219,1,1,5,20130702,,,113,20131023,15,0,0,15,,,,12,,29,20131121,3
PF_0002615,220,0,1,265,20130308,,,118,20130704,10,0,0,10,,,,,,21,20130725,10
PF_0002615,220,1,1,5,20130730,,,115,20131122,11,0,0,11,,,,1,,20,20131212,10
PF_0002615,221,0,2,0,20130326,,,116,20130720,1,0,0,1,,,,1,,12,20130801,0
PF_0002615,221,1,1,4,20130805,,,115,20131128,8,0,0,8,,,,,,21,20131219,10
PF_0002615,222,0,1,268,20130311,,,113,20130702,13,0,1,12,,,,12,,13,20130715,0
PF_0002615,222,1,1,5,20130720,,,116,20131113,13,0,2,11,,,,,,15,20131128,12
PF_0002615,225,0,1,231,20130328,,,117,20130723,13,0,1,12,,,,2,,23,20130815,10
PF_0002615,226,0,1,289,20130401,,,117,20130727,13,0,1,12,,,,7,,26,20130822,5
PF_0002615,228,0,1,240,20130406,,,114,20130729,6,0,0,6,,,,1,,24,20130822,5
PF_0002615,228,1,1,5,20130827,,,116,20131221,14,0,2,12,,,,3,,19,20140109,9
PF_0002615,229,0,1,218,20130315,,,114,20130707,10,0,0,10,,,,,,18,20130725,10
PF_0002615,229,1,1,5,20130730,,,114,20131121,14,0,1,13,,,,3,,21,20131212,10
PF_0002615,230,0,1,219,20130316,,,116,20130710,15,0,0,15,,,,6,,15,20130725,9
PF_0002615,230,1,1,6,20130731,,,116,20131124,11,0,1,10,,,,,,18,20131212,10
PF_0002615,231,0,1,221,20130318,,,114,20130710,9,0,0,9,,,,,,22,20130801,11
PF_0002615,231,1,1,5,20130806,,,114,20131128,8,0,2,6,,,,,,21,20131219,7
PF_0002615,232,0,1,229,20130326,,,114,20130718,10,0,1,9,,,,,,21,20130808,10
PF_0002615,234,0,1,225,20130329,,,116,20130723,14,0,0,14,,,,1,,23,20130815,13
PF_0002615,234,1,1,5,20130820,,,115,20131213,12,0,0,12,,,,,,20,20140102,12
PF_0002615,235,0,1,225,20130329,,,116,20130723,10,0,0,10,,,,,,16,20130808,10
PF_0002615,235,1,1,5,20130813,,,115,20131206,12,0,0,12,,,,,,20,20131226,12
PF_0002615,238,0,1,230,20130403,,,113,20130725,15,0,2,13,,,,4,,28,20130822,9
PF_0002615,238,1,1,5,20130827,,,114,20131219,15,0,2,13,,,,2,,21,20140109,11
PF_0002615,239,0,1,230,20130403,,,116,20130728,13,0,1,12,,,,2,,25,20130822,10
PF_0002615,239,1,1,5,20130827,,,115,20131220,15,0,0,15,,,,4,,20,20140109,11
PF_0002615,241,0,1,245,20130411,,,116,20130805,14,0,0,14,,,,2,,24,20130829,12
PF_0002615,242,0,1,243,20130409,,,115,20130802,12,0,0,12,,,,1,,27,20130829,11
PF_0002615,243,0,1,299,20130604,,,117,20130929,11,0,1,10,,,,1,,17,20131016,9
PF_0002615,244,0,1,314,20130619,,,115,20131012,14,0,0,14,,,,2,,26,20131107,12
PF_0002615,245,0,1,293,20130529,,,115,20130921,14,0,1,13,,,,1,,19,20131010,12
PF_0002615,246,0,1,241,20130607,,,113,20130928,12,0,0,12,,,,1,,26,20131024,11
PF_0002615,247,0,1,246,20130612,,,117,20131007,13,0,0,13,,,,1,,17,20131024,12
PF_0002615,250,0,1,286,20130722,,,116,20131115,11,0,0,11,,,,,,20,20131205,11
PF_0002615,251,0,1,231,20130528,,,115,20130920,13,0,1,12,,,,1,,20,20131010,11
PF_0002615,252,0,1,241,20130525,,,109,20130911,8,0,0,8,,,,,,22,20131003,9
PF_0002615,253,0,1,238,20130604,,,116,20130928,9,0,2,7,,,,,,18,20131016,7
PF_0002615,254,0,1,238,20130604,,,116,20130928,14,0,0,14,,,,4,,12,20131010,10
PF_0002615,256,0,1,238,20130604,,,113,20130925,12,0,2,10,,,,4,,36,20131031,6
PF_0002615,257,0,1,300,20130805,,,113,20131126,9,0,0,9,,,,,,23,20131219,9
PF_0002615,258,0,1,301,20130806,,,113,20131127,14,0,0,14,,,,4,,15,20131212,10
PF_0002615,264,0,1,258,20130830,,,116,20131224,14,0,2,12,,,,5,,23,20140116,7
PF_0002615,268,0,1,266,20130907,,,114,20131230,10,0,1,9,,,,,,24,20140123,9
PF_0002615,271,0,1,254,20130826,,,116,20131220,8,0,0,8,,,,,,20,20140109,9
PF_0002615,276,0,1,254,20130826,,,114,20131218,12,0,0,12,,,,2,,22,20140109,10
PF_0002615,1097,2,1,4,20120924,,,116,20130118,9,0,0,9,,,,,,21,20130208,10
PF_0002615,1097,3,1,5,20130213,,,116,20130609,10,0,0,10,,,,,,18,20130627,10
PF_0002615,1097,4,1,5,20130702,,,116,20131026,14,0,3,11,,,,,,26,20131121,10
PF_0002615,1526,11,1,5,20121002,,,116,20130126,8,0,0,8,,,,,,19,20130214,11
PF_0002615,1526,12,1,4,20130218,,,117,20130615,6,0,0,6,,,,,,19,20130704,7
PF_0002615,1561,11,1,5,20130115,,,116,20130511,9,0,0,9,,,,,,19,20130530,9
PF_0002615,1561,12,1,5,20130604,,,114,20130926,13,0,1,12,,,,4,,20,20131016,8
PF_0002615,1570,10,1,5,20121030,,,116,20130223,18,0,1,17,,,,8,,27,20130322,9
PF_0002615,1573,11,1,5,20130122,,,114,20130516,14,0,1,13,,,,2,,21,20130606,11
PF_0002615,1574,10,1,5,20121204,,,116,20130330,14,0,1,13,,,,3,,19,20130418,10
PF_0002615,1582,8,1,6,20120912,,,119,20130109,12,0,3,9,,,,9,,18,20130127,0
PF_0002615,1586,9,1,5,20121009,,,115,20130201,12,0,1,11,,,,1,,20,20130221,10
PF_0002615,1590,8,2,0,20120913,,,115,20130106,7,0,1,6,,,,1,,33,20130208,5
PF_0002615,1590,9,2,0,20130604,,,119,20131001,5,0,0,5,,,,,,15,20131016,6
PF_0002615,1591,9,1,5,20120918,,,115,20130111,11,0,2,9,,,,,,20,20130131,11
PF_0002615,1591,10,1,4,20130204,,,117,20130601,11,0,0,11,,,,,,19,20130620,11
PF_0002615,1591,11,1,4,20130624,,,107,20131009,6,0,0,6,,,,,,36,20131114,10
PF_0002615,1592,8,1,5,20120925,,,117,20130120,10,0,4,6,,,,,,19,20130208,11
PF_0002615,1595,9,1,5,20121218,,,114,20130411,14,0,2,12,,,,4,,28,20130509,8
PF_0002615,1598,9,1,4,20121126,,,116,20130322,9,0,0,9,,,,,,33,20130424,17
PF_0002615,1602,7,2,0,20120912,,,115,20130105,13,0,1,12,,,,3,,19,20130124,9
PF_0002615,1602,8,2,0,20130318,,,115,20130711,9,0,1,8,,,,,,21,20130801,10
PF_0002615,1603,9,1,4,20121105,,,116,20130301,12,0,0,12,,,,,,21,20130322,12
PF_0002615,1605,9,1,5,20121218,,,116,20130413,12,0,0,12,,,,6,,33,20130516,6
PF_0002615,1609,8,1,5,20130108,,,109,20130427,5,0,0,5,,,,,,19,20130516,5
PF_0002615,1609,9,1,5,20130521,,,114,20130912,10,0,1,9,,,,,,21,20131003,10
PF_0002615,1611,7,1,5,20121009,,,117,20130203,13,0,1,12,,,,1,,18,20130221,11
PF_0002615,1611,8,1,5,20130226,,,117,20130623,12,0,2,10,,,,2,,25,20130718,8
PF_0002615,1611,9,1,5,20130723,,,118,20131118,13,0,2,11,,,,4,,24,20131212,7
PF_0002615,1613,8,2,0,20121204,,,117,20130331,13,0,0,13,,,,2,,18,20130418,11
PF_0002615,1613,9,2,0,20130616,,,116,20131010,13,0,1,12,,,,1,,28,20131107,11
PF_0002615,1615,8,1,5,20121030,,,117,20130224,11,0,0,11,,,,1,,26,20130322,10
PF_0002615,1615,9,1,4,20130326,,,118,20130722,10,0,0,10,,,,2,,31,20130822,8
PF_0002615,1615,10,1,5,20130827,,,118,20131223,8,0,1,7,,,,,,24,20140116,9
PF_0002615,1618,8,1,5,20121225,,,115,20130419,5,0,0,5,,,,,,27,20130516,9
PF_0002615,1618,9,1,4,20130520,,,116,20130913,8,0,2,6,,,,,,27,20131010,7
PF_0002615,1620,8,1,5,20121016,,,117,20130210,11,0,1,10,,,,,,18,20130228,10
PF_0002615,1620,9,1,5,20130305,,,116,20130629,12,0,4,8,,,,8,,23,20130722,0
PF_0002615,1622,7,2,0,20121207,,,115,20130401,13,0,1,12,,,,6,,31,20130502,6
PF_0002615,1622,8,2,0,20130612,,,114,20131004,14,0,3,11,,,,2,,20,20131024,9
PF_0002615,1623,8,1,22,20130208,,,118,20130606,11,0,1,10,,,,,,13,20130619,10
PF_0002615,1623,8,1,22,20130208,,,118,20130606,11,0,1,10,,,,,,15,20130704,7
PF_0002615,1623,9,1,5,20130709,,,116,20131102,8,0,5,3,,,,,,19,20131121,5
PF_0002615,1626,8,1,4,20130114,,,117,20130511,16,0,1,15,,,,7,,33,20130613,8
PF_0002615,1626,9,1,4,20130617,,,118,20131013,11,0,1,10,,,,10,,33,20131115,0
PF_0002615,1628,7,1,4,20120917,,,115,20130110,17,0,0,17,,,,6,,21,20130131,11
PF_0002615,1628,8,1,5,20130205,,,117,20130602,11,0,0,11,,,,,,18,20130620,11
PF_0002615,1631,7,1,5,20121113,,,116,20130309,12,0,2,10,,,,,,19,20130328,10
PF_0002615,1631,8,1,4,20130401,,,115,20130725,13,0,2,11,,,,1,,21,20130815,10
PF_0002615,1634,7,1,5,20121002,,,115,20130125,15,0,1,14,,,,14,,16,20130210,0
PF_0002615,1635,7,1,5,20121204,,,116,20130330,9,0,1,8,,,,,,19,20130418,9
PF_0002615,1636,7,1,5,20120918,,,116,20130112,15,0,2,13,,,,6,,19,20130131,7
PF_0002615,1636,8,1,101,20130512,,,114,20130903,12,0,0,12,,,,2,,23,20130926,10
PF_0002615,1639,7,1,4,20121015,,,117,20130209,8,0,0,8,,,,2,,26,20130307,6
PF_0002615,1641,7,1,5,20120911,,,117,20130106,5,0,0,5,,,,,,18,20130124,9
PF_0002615,1641,8,1,5,20130129,,,113,20130522,13,0,3,10,,,,4,,22,20130613,6
PF_0002615,1641,9,1,4,20130617,,,114,20131009,19,0,3,16,,,,6,,22,20131031,10
PF_0002615,1642,7,1,5,20120925,,,116,20130119,11,0,1,10,,,,,,26,20130214,10
PF_0002615,1642,8,1,4,20130218,,,117,20130615,11,0,1,10,,,,,,19,20130704,10
PF_0002615,1642,9,1,5,20130709,,,116,20131102,10,0,2,8,,,,,,19,20131121,9
PF_0002615,1644,7,1,6,20120912,,,114,20130104,10,0,0,10,,,,,,20,20130124,11
PF_0002615,1644,8,1,5,20130129,,,115,20130524,13,0,3,10,,,,1,,27,20130620,9
PF_0002615,1646,7,1,5,20121204,,,116,20130330,10,1,0,9,,,,3,,19,20130418,6
PF_0002615,1648,7,1,5,20121211,,,115,20130405,8,0,0,8,,,,,,27,20130502,11
PF_0002615,1648,8,1,6,20130508,,,114,20130830,15,0,6,9,,,,,,18,20130917,9
PF_0002615,1653,7,1,4,20121119,,,116,20130315,14,0,2,12,,,,2,,20,20130404,10
PF_0002615,1654,6,1,4,20121022,,,115,20130214,10,0,2,8,,,,,,21,20130307,10
PF_0002615,1654,7,1,4,20130311,,,116,20130705,11,0,0,11,,,,,,27,20130801,11
PF_0002615,1654,8,1,5,20130806,,,116,20131130,7,0,5,2,,,,,,19,20131219,7
PF_0002615,1655,7,1,4,20121126,,,118,20130324,8,0,0,8,,,,,,18,20130411,10
PF_0002615,1656,7,1,4,20121203,,,117,20130330,16,0,4,12,,,,3,,19,20130418,9
PF_0002615,1656,8,1,4,20130422,,,116,20130816,13,0,0,13,,,,3,,20,20130905,10
PF_0002615,1657,5,3,0,20121203,,,107,20130320,15,0,6,9,,,,,,29,20130418,9
PF_0002615,1659,7,2,0,20130328,,,115,20130721,16,0,3,13,,,,13,,9,20130730,0
PF_0002615,1659,8,1,24,20130823,,,112,20131213,12,0,2,10,,,,1,,20,20140102,9
PF_0002615,1660,7,1,4,20130121,,,117,20130518,12,0,2,10,,,,2,,33,20130620,8
PF_0002615,1660,8,1,5,20130625,,,116,20131019,14,0,1,13,,,,3,,19,20131107,10
PF_0002615,1662,7,1,5,20130122,,,116,20130518,11,0,0,11,,,,1,,19,20130606,10
PF_0002615,1662,8,1,5,20130611,,,115,20131004,10,0,0,10,,,,10,,25,20131029,0
PF_0002615,1664,7,1,6,20130102,,,116,20130428,13,0,2,11,,,,1,,25,20130523,10
PF_0002615,1664,8,1,5,20130528,,,117,20130922,11,0,3,8,,,,,,18,20131010,10
PF_0002615,1665,6,1,4,20120917,,,117,20130112,15,0,1,14,,,,4,,19,20130131,10
PF_0002615,1665,7,1,5,20130205,,,115,20130531,14,0,1,13,,,,3,,34,20130704,10
PF_0002615,1665,8,1,5,20130709,,,115,20131101,13,0,1,12,,,,3,,20,20131121,9
PF_0002615,1666,7,1,5,20130115,,,117,20130512,12,0,3,9,,,,,,18,20130530,11
PF_0002615,1670,6,1,1,20120918,,,115,20130111,13,0,2,11,,,,2,,20,20130131,9
PF_0002615,1670,7,1,25,20130225,,,114,20130619,11,0,0,11,,,,1,,15,20130704,10
PF_0002615,1671,6,1,5,20121002,,,114,20130124,12,0,3,9,,,,,,21,20130214,11
PF_0002615,1671,7,2,0,20130610,,,114,20131002,12,0,2,10,,,,10,,27,20131029,0
PF_0002615,1672,6,1,123,20130513,,,114,20130904,10,0,3,7,,,,7,,2,20130906,0
PF_0020069,4,7,1,5,20121204,,,116,20130330,13,0,13,0,,,,,,0,20130330,0
PF_0020069,6,7,1,15,20121003,,,117,20130128,11,0,2,9,,,,3,,24,20130221,7
PF_0020069,6,8,1,4,20130225,,,115,20130620,7,0,1,6,,,,2,,28,20130718,7
PF_0020069,6,9,2,0,20130819,,,115,20131212,12,0,1,11,,,,1,,21,20140102,8
PF_0020069,11,6,1,5,20121002,,,115,20130125,7,0,1,6,,,,4,,27,20130221,6
PF_0020069,11,7,1,4,20130225,,,115,20130620,12,0,0,12,,,,,,5,20130625,0
PF_0020069,12,5,2,0,20130116,,,115,20130511,8,0,0,8,,,,3,,26,20130606,9
PF_0020069,18,6,1,5,20121225,,,115,20130419,16,0,2,14,,,,6,,27,20130516,6
PF_0020069,19,7,1,5,20121002,,,117,20130127,16,1,2,13,,,,1,,25,20130221,8
PF_0020069,21,7,1,5,20121002,,,115,20130125,12,0,2,10,,,,,,27,20130221,9
PF_0020069,21,8,1,4,20130225,,,115,20130620,11,0,4,7,,,,,,28,20130718,8
PF_0020069,21,9,2,0,20130812,,,116,20131206,15,0,5,10,,,,1,,27,20140102,10
PF_0020069,27,6,1,5,20120911,,,115,20130104,16,0,4,12,,,,10,,27,20130131,8
PF_0020069,27,7,1,4,20130204,,,114,20130529,16,0,1,15,,,,1,,29,20130627,8
PF_0020069,27,8,1,5,20130702,,,113,20131023,14,0,3,11,,,,2,,2,20131025,0
PF_0020069,28,5,1,70,20121024,,,116,20130217,8,0,1,7,,,,1,,16,20130305,10
PF_0020069,28,6,1,14,20130319,,,116,20130713,13,0,4,9,,,,2,,26,20130808,8
PF_0020069,31,6,3,0,20121206,,,115,20130331,11,0,1,10,,,,,,25,20130425,8
PF_0020069,31,7,1,5,20130430,,,114,20130822,13,0,0,13,,,,1,,28,20130919,8
PF_0020069,33,7,1,5,20121112,,,116,20130308,12,0,1,11,,,,1,,26,20130403,9
PF_0020069,39,7,1,5,20121112,,,116,20130308,16,0,1,15,,,,4,,26,20130403,9
PF_0020069,39,8,1,5,20130408,,,117,20130803,14,2,0,12,,,,1,,26,20130829,10
PF_0020069,39,9,1,5,20130903,,,116,20131228,15,0,0,15,,,,2,,26,20140123,9
PF_0020069,41,6,1,5,20121112,,,116,20130308,13,0,1,12,,,,2,,26,20130403,10
PF_0020069,41,7,1,4,20130407,,,117,20130802,14,0,8,6,,,,4,,27,20130829,9
PF_0020069,41,8,1,5,20130903,,,117,20131229,15,0,11,4,,,,5,,25,20140123,5
PF_0020069,43,6,1,5,20121002,,,113,20130123,11,0,0,11,,,,1,,29,20130221,8
PF_0020069,43,7,1,4,20130225,,,114,20130619,14,0,4,10,,,,,,29,20130718,8
PF_0020069,45,6,3,0,20121114,,,115,20130309,17,0,3,14,,,,3,,25,20130403,9
PF_0020069,45,7,1,4,20130407,,,116,20130801,15,0,2,13,,,,1,,28,20130829,11
PF_0020069,45,8,1,5,20130903,,,116,20131228,16,0,3,13,,,,5,,26,20140123,5
PF_0020069,47,6,1,5,20121225,,,114,20130418,14,0,2,12,,,,,,28,20130516,11
PF_0020069,47,7,1,5,20130521,,,112,20130910,10,0,1,9,,,,4,,30,20131010,8
PF_0020069,48,6,2,0,20121112,,,116,20130308,18,0,1,17,,,,,,26,20130403,9
PF_0020069,48,7,1,4,20130407,,,116,20130801,15,0,3,12,,,,7,,28,20130829,9
PF_0020069,49,6,2,0,20121114,,,114,20130308,22,0,3,19,,,,6,,26,20130403,10
PF_0020069,49,7,1,5,20130408,,,117,20130803,11,0,3,8,,,,1,,12,20130815,0
PF_0020069,51,5,2,0,20121226,,,116,20130421,8,1,0,7,,,,3,,25,20130516,7
PF_0020069,51,6,1,5,20130521,,,118,20130916,14,1,2,11,,,,2,,24,20131010,8
PF_0020069,55,5,2,0,20121111,,,116,20130307,13,0,1,12,,,,2,,27,20130403,10
PF_0020069,68,5,3,0,20121023,,,116,20130216,20,0,5,15,,,,4,,17,20130305,10
PF_0020069,68,6,1,14,20130319,,,117,20130714,13,0,1,12,,,,1,,25,20130808,8
PF_0020069,69,6,1,5,20121204,,,114,20130328,12,0,1,11,,,,1,,28,20130425,9
PF_0020069,69,7,1,4,20130429,,,114,20130821,14,0,1,13,,,,2,,29,20130919,6
PF_0020069,72,7,1,5,20121225,,,114,20130418,13,0,1,12,,,,2,,28,20130516,9
PF_0020069,72,8,1,4,20130520,,,116,20130913,12,1,3,8,,,,1,,6,20130919,0
PF_0020069,73,7,1,4,20121203,,,115,20130328,12,1,1,10,,,,1,,28,20130425,9
PF_0020069,73,8,1,5,20130430,,,115,20130823,12,8,1,3,,,,,,27,20130919,6
PF_0020069,75,6,1,4,20121022,,,116,20130215,11,0,2,9,,,,1,,18,20130305,10
PF_0020069,75,7,1,14,20130319,,,116,20130713,12,0,2,10,,,,2,,26,20130808,9
PF_0020069,75,8,1,4,20130812,,,116,20131206,17,0,8,9,,,,2,,27,20140102,9
PF_0020069,79,6,1,5,20120911,,,113,20130102,11,0,1,10,,,,2,,29,20130131,8
PF_0020069,79,7,1,5,20130205,,,113,20130529,10,1,0,9,,,,,,29,20130627,9
PF_0020069,79,8,1,5,20130702,,,113,20131023,9,1,1,7,,,,1,,29,20131121,10
PF_0020069,82,6,1,4,20121203,,,115,20130328,12,0,2,10,,,,3,,24,20130421,12
PF_0020069,82,6,1,4,20121203,,,115,20130328,12,0,2,10,,,,3,,25,20130516,11
PF_0020069,82,7,1,5,20130521,,,116,20130914,12,0,3,9,,,,,,26,20131010,9
PF_0020069,86,4,1,5,20121023,,,116,20130216,14,2,0,12,,,,1,,26,20130314,10
PF_0020069,86,5,1,6,20130320,,,116,20130714,15,0,7,8,,,,2,,25,20130808,10
PF_0020069,86,6,1,5,20130813,,,115,20131206,12,0,2,10,,,,2,,6,20131212,0
PF_0020069,88,6,1,6,20121113,,,114,20130307,13,0,2,11,,,,1,,27,20130403,10
PF_0020069,88,7,1,5,20130408,,,114,20130731,13,0,0,13,,,,4,,29,20130829,9
PF_0020069,88,8,1,5,20130903,,,116,20131228,10,0,0,10,,,,,,26,20140123,9
PF_0020069,91,6,1,4,20121022,,,116,20130215,10,0,0,10,,,,,,27,20130314,9
PF_0020069,91,7,2,0,20130521,,,119,20130917,6,0,1,5,,,,2,,23,20131010,6
PF_0020069,101,5,1,6,20121003,,,113,20130124,11,0,1,10,,,,2,,28,20130221,9
PF_0020069,101,6,1,5,20130226,,,115,20130621,11,1,1,9,,,,,,27,20130718,9
PF_0020069,101,7,1,5,20130723,,,117,20131117,8,0,4,4,,,,,,25,20131212,8
PF_0020069,101,7,1,5,20130723,,,117,20131117,8,0,4,4,,,,,,21,20140102,10
PF_0020069,105,5,1,5,20121002,,,113,20130123,11,0,1,10,,,,3,,29,20130221,6
PF_0020069,105,6,1,4,20130225,,,115,20130620,14,1,1,12,,,,5,,28,20130718,8
PF_0020069,106,4,1,5,20120911,,,117,20130106,13,0,4,9,,,,,,25,20130131,9
PF_0020069,106,5,1,5,20130205,,,116,20130601,9,0,1,8,,,,,,26,20130627,8
PF_0020069,106,6,2,0,20130725,,,116,20131118,8,0,0,8,,,,,,24,20131212,8
PF_0020069,108,4,1,4,20121022,,,113,20130212,13,0,0,13,,,,1,,30,20130314,10
PF_0020069,108,5,2,0,20130521,,,114,20130912,18,1,2,15,,,,4,,28,20131010,11
PF_0020069,109,5,1,5,20121204,,,115,20130329,15,0,2,13,,,,1,,27,20130425,9
PF_0020069,109,6,1,5,20130430,,,113,20130821,15,0,2,13,,,,1,,29,20130919,10
PF_0020069,110,4,2,0,20130205,,,117,20130602,5,0,0,5,,,,2,,25,20130627,6
PF_0020069,111,5,1,4,20130114,,,115,20130509,15,0,3,12,,,,2,,28,20130606,8
PF_0020069,111,6,2,0,20130722,,,117,20131116,17,0,4,13,,,,1,,26,20131212,8
PF_0020069,113,5,2,0,20130407,,,117,20130802,15,0,6,9,,,,2,,27,20130829,8
PF_0020069,113,6,1,5,20130903,,,116,20131228,12,0,0,12,,,,,,26,20140123,8
PF_0020069,114,4,2,0,20130115,,,115,20130510,13,0,0,13,,,,,,27,20130606,9
PF_0020069,119,4,1,4,20121022,,,113,20130212,12,0,2,10,,,,1,,21,20130305,10
PF_0020069,119,5,1,13,20130318,,,112,20130708,9,0,3,6,,,,1,,10,20130718,0
PF_0020069,119,6,2,0,20130815,,,115,20131208,8,0,0,8,,,,2,,25,20140102,7
PF_0020069,120,3,1,5,20121023,,,113,20130213,11,0,1,10,,,,1,,20,20130305,10
PF_0020069,123,3,3,0,20130324,,,114,20130716,14,0,1,13,,,,3,,23,20130808,7
PF_0020069,123,4,2,0,20130906,,,115,20131230,16,0,3,13,,,,4,,13,20140112,10
PF_0020069,124,3,2,0,20121115,,,114,20130309,12,0,0,12,,,,1,,25,20130403,12
PF_0020069,124,4,1,4,20130407,,,117,20130802,6,0,1,5,,,,2,,27,20130829,8
PF_0020069,124,5,1,5,20130903,,,116,20131228,10,0,0,10,,,,2,,26,20140123,9
PF_0020069,125,4,1,5,20121204,,,114,20130328,8,0,0,8,,,,2,,28,20130425,9
PF_0020069,125,5,1,5,20130430,,,111,20130819,10,2,3,5,,,,3,,31,20130919,8
PF_0020069,126,3,1,6,20121003,,,113,20130124,11,0,1,10,,,,2,,28,20130221,9
PF_0020069,126,4,3,0,20130612,,,115,20131005,13,0,5,8,,,,,,26,20131031,10
PF_0020069,128,4,1,5,20130115,,,114,20130509,9,0,3,6,,,,2,,28,20130606,9
PF_0020069,128,5,1,5,20130611,,,115,20131004,10,0,0,10,,,,7,,27,20131031,4
PF_0020069,129,4,1,5,20121112,,,114,20130306,16,0,1,15,,,,5,,20,20130326,14
PF_0020069,129,5,1,12,20130407,,,113,20130729,13,0,3,10,,,,2,,31,20130829,8
PF_0020069,129,6,1,4,20130902,,,114,20131225,16,0,5,11,,,,4,,29,20140123,8
PF_0020069,131,4,1,4,20121111,,,115,20130306,11,0,8,3,,,,,,20,20130326,10
PF_0020069,133,4,1,4,20121224,,,113,20130416,15,0,0,15,,,,3,,30,20130516,8
PF_0020069,133,5,1,5,20130521,,,112,20130910,17,1,2,14,,,,12,,30,20131010,5
PF_0020069,137,4,1,4,20130114,,,114,20130508,14,0,0,14,,,,,,29,20130606,10
PF_0020069,137,5,1,5,20130611,,,112,20131001,7,0,3,4,,,,11,,30,20131031,5
PF_0020069,138,3,1,4,20121203,,,115,20130328,15,0,1,14,,,,4,,28,20130425,9
PF_0020069,138,4,1,4,20130429,,,115,20130822,9,0,1,8,,,,2,,28,20130919,9
PF_0020069,139,2,1,6,20121003,,,114,20130125,15,0,2,13,,,,1,,27,20130221,9
PF_0020069,139,3,1,5,20130226,,,115,20130621,5,0,0,5,,,,4,,27,20130718,8
PF_0020069,141,2,2,0,20120911,,,113,20130102,14,0,1,13,,,,2,,29,20130131,9
PF_0020069,141,3,1,5,20130205,,,114,20130530,8,0,0,8,,,,,,28,20130627,10
PF_0020069,141,4,1,5,20130702,,,114,20131024,7,0,0,7,,,,2,,28,20131121,8
PF_0020069,142,3,1,4,20130114,,,112,20130506,9,0,0,9,,,,2,,31,20130606,8
PF_0020069,142,4,1,5,20130611,,,115,20131004,10,1,1,8,,,,1,,27,20131031,10
PF_0020069,143,2,1,90,20121205,,,115,20130330,11,0,0,11,,,,,,26,20130425,10
PF_0020069,143,3,1,5,20130430,,,115,20130823,8,0,0,8,,,,1,,27,20130919,8
PF_0020069,145,2,1,4,20130114,,,115,20130509,7,0,0,7,,,,4,,21,20130530,10
PF_0020069,145,2,1,4,20130114,,,115,20130509,7,0,0,7,,,,4,,28,20130627,6
PF_0020069,146,3,1,4,20121224,,,115,20130418,17,0,1,16,,,,1,,28,20130516,10
PF_0020069,146,4,1,5,20130521,,,114,20130912,15,1,1,13,,,,2,,28,20131010,8
PF_0020069,147,3,2,0,20130318,,,115,20130711,5,0,0,5,,,,2,,28,20130808,9
PF_0020069,147,4,1,4,20130812,,,115,20131205,15,0,2,13,,,,4,,28,20140102,7
PF_0020069,148,2,1,5,20121023,,,113,20130213,16,0,3,13,,,,,,29,20130314,12
PF_0020069,148,3,1,5,20130319,,,115,20130712,17,0,2,15,,,,2,,27,20130808,8
PF_0020069,150,1,3,0,20121112,,,112,20130304,15,0,1,14,,,,5,,30,20130403,8
PF_0020069,152,1,3,0,20130116,,,115,20130511,14,0,4,10,,,,,,26,20130606,9
PF_0020069,152,2,1,5,20130611,,,110,20130929,15,0,4,11,,,,5,,32,20131031,7
PF_0020069,154,1,2,0,20121113,,,115,20130308,15,0,0,15,,,,2,,26,20130403,9
PF_0020069,154,2,3,0,20130702,,,113,20131023,13,0,6,7,,,,5,,29,20131121,0
PF_0020069,155,2,1,5,20121112,,,115,20130307,20,2,0,18,,,,1,,27,20130403,10
PF_0020069,155,3,1,4,20130407,,,113,20130729,17,0,5,12,,,,3,,31,20130829,8
PF_0020069,155,4,1,5,20130903,,,115,20131227,16,0,0,16,,,,1,,27,20140123,8
PF_0020069,156,2,2,0,20121113,,,113,20130306,18,0,2,16,,,,1,,28,20130403,10
PF_0020069,156,3,1,4,20130407,,,113,20130729,13,0,0,13,,,,2,,31,20130829,9
PF_0020069,156,4,1,5,20130903,,,115,20131227,12,0,0,12,,,,1,,27,20140123,8
PF_0020069,157,1,3,0,20121205,,,115,20130330,8,0,0,8,,,,1,,26,20130425,9
PF_0020069,157,2,1,5,20130430,,,112,20130820,19,2,3,14,,,,2,,30,20130919,8
PF_0020069,158,1,3,0,20121002,,,113,20130123,14,0,0,14,,,,3,,29,20130221,10
PF_0020069,158,2,1,4,20130225,,,115,20130620,11,1,1,9,,,,,,28,20130718,9
PF_0020069,158,3,1,5,20130723,,,115,20131115,15,1,2,12,,,,3,,27,20131212,8
PF_0020069,159,2,1,5,20121225,,,115,20130419,14,0,1,13,,,,1,,27,20130516,11
PF_0020069,159,3,1,5,20130521,,,116,20130914,11,0,0,11,,,,1,,26,20131010,8
PF_0020069,160,2,1,4,20121022,,,114,20130213,16,0,3,13,,,,,,29,20130314,11
PF_0020069,160,3,2,0,20130612,,,115,20131005,17,1,3,13,,,,,,26,20131031,8
PF_0020069,161,1,1,5,20120911,,,114,20130103,12,0,1,11,,,,1,,28,20130131,9
PF_0020069,161,2,1,5,20130205,,,113,20130529,15,0,1,14,,,,2,,29,20130627,9
PF_0020069,163,1,1,15,20121003,,,116,20130127,8,0,0,8,,,,,,25,20130221,9
PF_0020069,163,2,1,5,20130226,,,115,20130621,9,0,1,8,,,,,,27,20130718,7
PF_0020069,163,3,1,4,20130722,,,115,20131114,17,0,15,2,,,,,,28,20131212,8
PF_0020069,164,1,2,0,20121226,,,115,20130420,17,0,2,15,,,,1,,26,20130516,10
PF_0020069,164,2,2,0,20130701,,,113,20131022,16,0,3,13,,,,4,,30,20131121,9
PF_0020069,165,0,2,0,20121024,,,116,20130217,15,0,0,15,,,,,,25,20130314,11
PF_0020069,165,1,1,5,20130319,,,115,20130712,16,0,4,12,,,,1,,27,20130808,9
PF_0020069,165,2,1,30,20130907,,,115,20131231,20,0,1,19,,,,8,,12,20140112,10
PF_0020069,167,1,1,22,20120913,,,114,20130105,14,0,1,13,,,,1,,26,20130131,8
PF_0020069,167,2,1,5,20130205,,,114,20130530,17,0,2,15,,,,,,28,20130627,10
PF_0020069,167,3,1,4,20130701,,,115,20131024,13,0,0,13,,,,4,,28,20131121,8
PF_0020069,168,1,2,0,20121205,,,115,20130330,7,0,0,7,,,,2,,26,20130425,8
PF_0020069,168,2,1,5,20130430,,,113,20130821,8,1,0,7,,,,1,,29,20130919,8
PF_0020069,170,1,2,0,20130228,,,112,20130620,9,0,0,9,,,,1,,28,20130718,9
PF_0020069,171,0,3,0,20121023,,,116,20130216,17,0,5,12,,,,1,,17,20130305,10
PF_0020069,171,1,1,14,20130319,,,116,20130713,9,0,0,9,,,,3,,26,20130808,7
PF_0020069,171,2,1,5,20130813,,,115,20131206,17,0,4,13,,,,,,27,20140102,10
PF_0020069,172,1,1,5,20121204,,,117,20130331,10,0,10,0,,,,,,9,20130409,0
PF_0020069,173,1,1,5,20121023,,,116,20130216,10,0,0,10,,,,,,17,20130305,10
PF_0020069,173,2,1,14,20130319,,,116,20130713,13,0,8,5,,,,2,,3,20130716,0
PF_0020069,175,1,1,6,20121024,,,114,20130215,10,0,1,9,,,,3,,27,20130314,11
PF_0020069,175,2,1,5,20130319,,,117,20130714,12,2,1,9,,,,1,,25,20130808,11
PF_0020069,176,1,1,5,20121204,,,115,20130329,12,0,0,12,,,,,,27,20130425,9
PF_0020069,176,2,1,5,20130430,,,114,20130822,10,0,0,10,,,,,,28,20130919,8
PF_0020069,177,1,1,4,20121224,,,115,20130418,11,0,0,11,,,,1,,28,20130516,11
PF_0020069,177,2,1,4,20130520,,,113,20130910,16,0,0,16,,,,1,,30,20131010,11
PF_0020069,178,1,1,5,20130115,,,114,20130509,14,0,0,14,,,,,,28,20130606,11
PF_0020069,178,2,1,5,20130611,,,114,20131003,17,0,0,17,,,,3,,28,20131031,9
PF_0020069,179,0,2,0,20121114,,,116,20130310,12,0,0,12,,,,,,16,20130326,14
PF_0020069,179,1,1,13,20130408,,,115,20130801,11,0,1,10,,,,,,28,20130829,9
PF_0020069,179,2,1,4,20130902,,,116,20131227,14,0,1,13,,,,3,,27,20140123,9
PF_0020069,180,0,1,268,20130115,,,116,20130511,13,0,0,13,,,,2,,26,20130606,9
PF_0020069,180,1,2,0,20130703,,,116,20131027,10,0,0,10,,,,1,,25,20131121,9
PF_0020069,181,0,1,306,20121113,,,116,20130309,7,0,0,7,,,,1,,17,20130326,14
PF_0020069,181,1,2,0,20130506,,,115,20130829,16,1,2,13,,,,2,,12,20130910,10
PF_0020069,182,0,2,0,20130408,,,116,20130802,8,0,0,8,,,,,,27,20130829,10
PF_0020069,183,0,1,306,20121113,,,114,20130307,12,0,0,12,,,,,,19,20130326,14
PF_0020069,184,0,1,305,20121112,,,116,20130308,16,0,4,12,,,,3,,18,20130326,14
PF_0020069,184,1,1,13,20130408,,,113,20130730,16,0,9,7,,,,3,,16,20130815,0
PF_0020069,185,0,3,0,20130318,,,111,20130707,18,0,6,12,,,,2,,16,20130723,0
PF_0020069,186,0,1,347,20130611,,,113,20131002,11,0,2,9,,,,2,,29,20131031,10
PF_0020069,187,0,2,0,20130701,,,116,20131025,11,0,0,11,,,,,,27,20131121,10
PF_0020069,189,0,1,326,20130521,,,114,20130912,14,0,1,13,,,,4,,28,20131010,8
PF_0020069,190,0,1,259,20130226,,,112,20130618,10,0,1,9,,,,6,,30,20130718,8
PF_0020069,190,1,1,5,20130723,,,117,20131117,12,0,1,11,,,,1,,25,20131212,8
PF_0020069,191,0,1,280,20130319,,,117,20130714,4,0,0,4,,,,1,,25,20130808,9
PF_0020069,192,0,1,348,20130612,,,113,20131003,18,0,3,15,,,,,,28,20131031,10
PF_0020069,193,0,1,325,20130520,,,113,20130910,12,0,0,12,,,,1,,30,20131010,10
PF_0020069,195,0,1,259,20130226,,,117,20130623,15,0,1,14,,,,2,,25,20130718,9
PF_0020069,196,0,3,0,20130429,,,114,20130821,11,1,0,10,,,,,,29,20130919,9
PF_0020069,198,0,2,0,20130526,,,115,20130918,13,0,1,12,,,,,,22,20131010,12
PF_0020069,199,0,1,326,20130521,,,113,20130911,13,0,1,12,,,,,,29,20131010,11
PF_0020069,200,0,1,322,20130430,,,116,20130824,4,0,1,3,,,,,,17,20130910,10
PF_0020069,201,0,1,305,20130430,,,114,20130822,14,0,1,13,,,,,,19,20130910,10
PF_0020069,202,0,1,252,20130219,,,114,20130613,10,1,1,8,,,,,,14,20130627,9
PF_0020069,202,1,2,0,20130722,,,112,20131111,16,0,2,14,,,,1,,31,20131212,8
PF_0020069,203,0,2,0,20130521,,,115,20130913,11,0,0,11,,,,3,,27,20131010,9
PF_0020069,204,0,1,281,20130320,,,114,20130712,16,0,3,13,,,,4,,27,20130808,10
PF_0020069,204,1,1,27,20130904,,,116,20131229,9,0,0,9,,,,,,25,20140123,11
PF_0020069,206,0,1,224,20130701,,,117,20131026,14,0,3,11,,,,1,,26,20131121,9
PF_0020069,207,0,1,225,20130702,,,115,20131025,14,0,0,14,,,,2,,27,20131121,8
PF_0020069,208,0,1,219,20130702,,,115,20131025,3,0,0,3,,,,,,27,20131121,9
PF_0020069,209,0,1,219,20130702,,,116,20131026,17,0,2,15,,,,1,,26,20131121,9
PF_0020069,210,0,2,0,20130722,,,119,20131118,1,0,1,0,,,,2,,24,20131212,8
PF_0020069,211,0,1,219,20130702,,,113,20131023,10,0,0,10,,,,5,,29,20131121,8
PF_0020091,47,7,2,0,20120918,,,114,20130110,15,0,0,15,,,,,,27,20130206,11
PF_0020091,50,1,1,0,20120923,,,115,20130116,13,0,4,9,,,,,,14,20130130,10
PF_0020091,50,2,1,6,20130205,,,112,20130528,11,0,0,11,,,,,,6,20130603,10
PF_0020091,50,3,1,57,20130730,,,114,20131121,14,0,0,14,,,,,,28,20131219,9
PF_0020091,51,3,1,5,20121120,,,115,20130315,14,0,1,13,,,,,,27,20130411,13
PF_0020091,51,4,1,5,20130416,,,113,20130807,15,0,3,12,,,,,,28,20130904,11
PF_0020091,54,7,1,5,20121016,,,114,20130207,13,0,2,11,,,,,,28,20130307,10
PF_0020091,54,8,1,26,20130402,,,114,20130725,10,0,0,10,,,,,,27,20130821,10
PF_0020091,54,9,1,5,20130826,,,115,20131219,8,0,0,8,,,,,,28,20140116,8
PF_0020091,56,2,1,26,20120929,,,115,20130122,15,2,0,13,,,,,,23,20130214,9
PF_0020091,56,3,3,0,20130621,,,117,20131016,7,0,0,7,,,,,,19,20131104,9
PF_0020091,59,7,1,5,20121211,,,115,20130405,14,0,2,12,,,,,,27,20130502,12
PF_0020091,59,8,1,5,20130507,,,116,20130831,14,0,4,10,,,,,,26,20130926,11
PF_0020091,60,3,1,5,20121120,,,113,20130313,13,0,0,13,,,,,,29,20130411,11
PF_0020091,60,4,1,15,20130426,,,114,20130818,15,0,4,11,,,,,,25,20130912,9
PF_0020091,61,7,1,5,20121113,,,114,20130307,14,0,0,14,,,,,,17,20130324,10
PF_0020091,61,8,2,0,20130408,,,119,20130805,12,0,0,12,,,,,,4,20130809,10
PF_0020091,61,9,1,25,20130903,,,119,20131231,12,0,0,12,,,,,,37,20140206,11
PF_0020091,62,2,2,0,20120910,,,114,20130102,14,0,1,13,,,,,,22,20130124,8
PF_0020091,62,3,1,63,20130328,,,114,20130720,13,0,0,13,,,,,,40,20130829,10
PF_0020091,62,4,1,3,20130901,,,114,20131224,12,0,0,12,,,,,,30,20140123,7
PF_0020091,63,7,1,5,20121113,,,115,20130308,12,0,1,11,,,,,,27,20130404,10
PF_0020091,63,8,1,4,20130408,,,116,20130802,12,0,1,11,,,,,,27,20130829,9
PF_0020091,64,7,1,5,20120908,,,116,20130102,14,0,3,11,,,,,,22,20130124,10
PF_0020091,64,8,1,5,20130129,,,115,20130524,15,0,5,10,,,,2,,27,20130620,9
PF_0020091,64,9,1,8,20130628,,,115,20131021,12,0,5,7,,,,,,29,20131119,8
PF_0020091,116,10,1,7,20121004,,,116,20130128,11,0,0,11,,,,,,25,20130222,9
PF_0020091,143,4,1,6,20120919,,,115,20130112,16,1,4,11,,,,,,25,20130206,10
PF_0020091,143,5,1,26,20130304,,,116,20130628,14,0,1,13,,,,,,27,20130725,11
PF_0020091,158,4,1,5,20121208,,,117,20130404,12,0,0,12,,,,,,21,20130425,12
PF_0020091,158,5,1,6,20130501,,,115,20130824,15,0,0,15,,,,,,25,20130918,9
PF_0020091,160,4,1,15,20121109,,,117,20130306,12,0,0,12,,,,,,23,20130329,11
PF_0020091,160,5,1,4,20130402,,,114,20130725,9,0,0,9,,,,,,27,20130821,9
PF_0020091,160,6,1,12,20130902,,,116,20131227,10,0,0,10,,,,,,27,20140123,10
PF_0020091,193,0,1,242,20130423,,,116,20130817,2,0,0,2,,,,,,26,20130912,7
PF_0020091,201,9,1,29,20121019,,,115,20130211,10,0,0,10,,,,,,30,20130313,9
PF_0020091,206,0,1,242,20130413,,,115,20130806,12,0,0,12,,,,,,23,20130829,11
PF_0020091,231,0,1,244,20130107,,,115,20130502,17,0,0,17,,,,,,23,20130525,10
PF_0020091,231,1,2,0,20130706,,,113,20131027,15,0,0,15,,,,,,32,20131128,14
PF_0020091,237,0,1,244,20130106,,,113,20130429,14,0,1,13,,,,,,29,20130528,10
PF_0020091,237,1,1,6,20130603,,,114,20130925,10,0,0,10,,,,,,22,20131017,10
PF_0020091,238,0,1,242,20130410,,,112,20130731,10,0,0,10,,,,,,21,20130821,6
PF_0020091,238,1,1,5,20130826,,,115,20131219,10,0,1,9,,,,,,28,20140116,8
PF_0020091,254,0,1,242,20121006,,,119,20130202,4,0,1,3,,,,,,26,20130228,11
PF_0020091,254,1,1,6,20130306,,,113,20130627,12,0,0,12,,,,,,28,20130725,11
PF_0020091,254,2,1,5,20130730,,,114,20131121,7,0,0,7,,,,,,28,20131219,10
PF_0020091,255,0,3,0,20121205,,,116,20130331,15,0,4,11,,,,,,25,20130425,11
PF_0020091,256,2,1,24,20121007,,,115,20130130,10,0,2,8,,,,,,29,20130228,10
PF_0020091,257,0,1,243,20120922,,,114,20130114,12,0,0,12,,,,,,23,20130206,12
PF_0020091,257,1,1,6,20130212,,,112,20130604,11,0,0,11,,,,,,29,20130703,12
PF_0020091,257,2,1,16,20130719,,,116,20131112,14,0,0,14,,,,,,30,20131212,12
PF_0020091,258,3,2,0,20130108,,,114,20130502,16,0,0,16,,,,,,23,20130525,10
PF_0020091,258,4,3,0,20130717,,,115,20131109,13,0,0,13,,,,2,,33,20131212,10
PF_0020091,259,0,1,242,20121021,,,115,20130213,10,1,2,7,,,,,,28,20130313,10
PF_0020091,259,1,1,2,20130315,,,115,20130708,15,0,2,13,,,,,,24,20130801,4
PF_0020091,259,2,1,4,20130805,,,115,20131128,13,0,0,13,,,,,,32,20131230,12
PF_0020091,260,0,1,241,20130521,,,118,20130916,4,0,0,4,,,,,,23,20131009,4
PF_0020091,261,2,2,0,20121003,,,116,20130127,12,0,2,10,,,,,,26,20130222,8
PF_0020091,261,3,1,17,20130311,,,111,20130630,15,0,4,11,,,,,,32,20130801,6
PF_0020091,262,0,1,243,20120925,,,116,20130119,17,0,1,16,,,,,,26,20130214,11
PF_0020091,262,1,1,12,20130226,,,114,20130620,12,0,4,8,,,,,,28,20130718,7
PF_0020091,262,2,2,0,20130821,,,118,20131217,9,0,0,9,,,,,,13,20131230,9
PF_0020091,264,0,1,244,20130202,,,114,20130527,10,0,8,2,,,,,,4,20130531,0
PF_0020091,265,0,1,244,20121110,,,115,20130305,13,0,0,13,,,,,,24,20130329,13
PF_0020091,266,0,1,242,20121003,,,116,20130127,10,0,0,10,,,,,,26,20130222,10
PF_0020091,266,1,1,4,20130226,,,113,20130619,12,0,4,8,,,,,,29,20130718,10
PF_0020091,266,2,1,7,20130725,,,115,20131117,11,0,1,10,,,,,,32,20131219,10
PF_0020091,267,2,2,0,20121027,,,110,20130214,14,0,0,14,,,,,,27,20130313,9
PF_0020091,268,0,2,0,20121028,,,114,20130219,10,0,0,10,,,,,,22,20130313,10
PF_0020091,268,1,1,5,20130318,,,115,20130711,10,0,0,10,,,,,,23,20130803,10
PF_0020091,270,2,3,0,20120915,,,117,20130110,14,0,0,14,,,,,,27,20130206,12
PF_0020091,271,2,2,0,20120926,,,115,20130119,14,2,0,12,,,,,,26,20130214,8
PF_0020091,271,3,1,5,20130219,,,117,20130616,10,0,0,10,,,,,,25,20130711,9
PF_0020091,271,4,1,5,20130716,,,115,20131108,11,0,0,11,,,,,,28,20131206,12
PF_0020091,272,0,1,243,20120922,,,115,20130115,16,0,1,15,,,,,,22,20130206,14
PF_0020091,272,1,1,6,20130212,,,114,20130606,14,0,1,13,,,,,,27,20130703,11
PF_0020091,272,2,1,5,20130708,,,115,20131031,10,0,0,10,,,,,,32,20131202,12
PF_0020091,273,0,1,243,20120923,,,113,20130114,15,2,0,13,,,,,,23,20130206,11
PF_0020091,279,0,2,0,20121026,,,114,20130217,14,0,1,13,,,,,,24,20130313,12
PF_0020091,279,1,1,5,20130318,,,115,20130711,15,0,1,14,,,,,,29,20130809,9
PF_0020091,279,2,1,5,20130814,,,115,20131207,15,0,0,15,,,,,,33,20140109,11
PF_0020091,280,0,1,242,20121028,,,117,20130222,11,0,4,7,,,,,,27,20130321,10
PF_0020091,287,1,2,0,20121229,,,114,20130422,14,0,2,12,,,,,,3,20130425,11
PF_0020091,287,2,1,5,20130430,,,115,20130823,16,0,2,14,,,,,,26,20130918,9
PF_0020091,288,0,1,243,20121231,,,111,20130421,10,0,0,10,,,,,,25,20130516,9
PF_0020091,288,1,1,6,20130522,,,113,20130912,11,0,0,11,,,,,,27,20131009,11
PF_0020091,293,0,1,244,20130122,,,119,20130521,16,0,2,14,,,,,,23,20130613,9
PF_0020091,294,0,1,244,20130113,,,115,20130508,12,0,0,12,,,,,,29,20130606,11
PF_0020091,294,1,1,28,20130704,,,115,20131027,11,0,0,11,,,,,,32,20131128,11
PF_0020091,295,0,1,244,20130119,,,115,20130514,7,0,1,6,,,,,,3,20130517,0
PF_0020091,303,0,1,244,20130110,,,117,20130507,12,0,0,12,,,,,,30,20130606,11
PF_0020091,303,1,2,0,20130706,,,115,20131029,15,0,1,14,,,,,,30,20131128,13
PF_0020091,306,1,1,4,20121126,,,116,20130322,14,0,0,14,,,,,,27,20130418,12
PF_0020091,306,2,1,6,20130424,,,114,20130816,16,0,9,7,,,,,,3,20130819,6
PF_0020091,306,3,1,19,20130907,,,115,20131231,10,0,0,10,,,,,,37,20140206,10
PF_0020091,307,0,1,241,20130502,,,113,20130823,12,0,2,10,,,,,,26,20130918,10
PF_0020091,320,0,1,241,20130505,,,115,20130828,11,0,0,11,,,,,,29,20130926,11
PF_0020091,342,8,1,28,20130117,,,117,20130514,9,0,0,9,,,,,,30,20130613,9
PF_0020091,345,0,1,249,20130202,,,115,20130528,11,0,0,11,,,,,,30,20130627,10
PF_0020091,345,1,1,5,20130702,,,116,20131026,7,0,0,7,,,,,,24,20131119,9
PF_0020091,349,9,1,24,20130217,,,114,20130611,10,0,0,10,,,,,,22,20130703,10
PF_0020091,349,10,1,5,20130708,,,115,20131031,13,0,0,13,,,,,,32,20131202,11
PF_0020091,353,1,1,5,20121120,,,116,20130316,14,0,0,14,,,,,,26,20130411,12
PF_0020091,353,2,1,5,20130416,,,116,20130810,15,0,5,10,,,,,,25,20130904,10
PF_0020091,364,1,1,5,20121106,,,115,20130301,11,0,0,11,,,,,,28,20130329,11
PF_0020091,364,2,1,5,20130403,,,115,20130727,11,0,0,11,,,,,,25,20130821,7
PF_0020091,364,3,1,11,20130901,,,115,20131225,13,0,5,8,,,,,,29,20140123,4
PF_0020091,366,9,1,8,20121102,,,115,20130225,8,0,0,8,,,,,,24,20130321,8
PF_0020091,367,1,1,4,20121108,,,115,20130303,16,0,1,15,,,,,,26,20130329,9
PF_0020091,367,2,1,9,20130407,,,115,20130731,12,0,0,12,,,,,,29,20130829,11
PF_0020091,367,3,1,5,20130903,,,117,20131229,4,0,0,4,,,,,,39,20140206,7
PF_0020091,376,0,1,244,20130106,,,115,20130501,12,0,0,12,,,,,,27,20130528,10
PF_0020091,376,1,1,26,20130623,,,114,20131015,18,1,0,17,,,,,,20,20131104,12
PF_0020091,377,0,1,244,20130104,,,115,20130429,11,0,0,11,,,,,,29,20130528,9
PF_0020091,377,1,2,0,20130720,,,116,20131113,15,0,0,15,,,,1,,29,20131212,12
PF_0020091,385,0,1,244,20130127,,,117,20130524,2,0,2,0,,,,,,24,20130617,10
PF_0020091,385,1,1,5,20130622,,,113,20131013,12,0,2,10,,,,,,22,20131104,10
PF_0020091,395,9,1,4,20121126,,,115,20130321,0,0,0,0,,,,,,0,20130321,0
PF_0020091,396,0,1,244,20130114,,,116,20130510,10,0,0,10,,,,2,,27,20130606,9
PF_0020091,396,1,1,5,20130611,,,117,20131006,16,0,0,16,,,,,,18,20131024,12
PF_0020091,399,0,2,0,20120912,,,115,20130105,14,1,6,7,,,,,,25,20130130,9
PF_0020091,399,1,1,5,20130204,,,115,20130530,5,0,1,4,,,,,,28,20130627,9
PF_0020091,405,4,2,0,20121029,,,113,20130219,10,0,0,10,,,,,,22,20130313,9
PF_0020091,405,5,1,4,20130317,,,115,20130710,10,0,0,10,,,,,,22,20130801,10
PF_0020091,405,6,1,5,20130806,,,114,20131128,9,0,0,9,,,,,,32,20131230,9
PF_0020091,409,8,1,5,20121224,,,114,20130417,12,0,1,11,,,,,,29,20130516,8
PF_0020091,423,1,1,6,20121121,,,114,20130315,13,0,0,13,,,,,,27,20130411,13
PF_0020091,423,2,1,6,20130417,,,116,20130811,13,0,1,12,,,,,,24,20130904,10
PF_0020091,427,5,2,0,20120921,,,116,20130115,10,0,1,9,,,,,,22,20130206,9
PF_0020091,427,6,1,26,20130304,,,116,20130628,10,0,2,8,,,,,,27,20130725,8
PF_0020091,427,7,1,29,20130823,,,117,20131218,10,0,0,10,,,,,,29,20140116,9
PF_0020091,428,5,1,5,20121030,,,116,20130223,8,0,0,8,,,,,,26,20130321,7
PF_0020091,428,6,1,4,20130325,,,115,20130718,17,0,3,14,,,,,,48,20130904,9
PF_0020091,429,5,2,0,20121120,,,113,20130313,15,0,2,13,,,,,,29,20130411,9
PF_0020091,429,6,1,5,20130416,,,115,20130809,6,0,0,6,,,,,,0,20130809,8
PF_0020091,431,7,1,5,20130101,,,115,20130426,15,0,1,14,,,,,,32,20130528,8
PF_0020091,438,5,1,5,20121016,,,111,20130204,11,1,0,10,,,,,,31,20130307,9
PF_0020091,438,6,1,5,20130312,,,117,20130707,15,0,4,11,,,,,,25,20130801,9
PF_0020091,438,7,2,0,20130901,,,116,20131226,13,0,0,13,,,,,,28,20140123,12
PF_0020091,439,6,1,5,20121106,,,115,20130301,14,0,0,14,,,,,,28,20130329,12
PF_0020091,439,7,1,6,20130404,,,114,20130727,10,0,3,7,,,,,,25,20130821,8
PF_0020091,446,1,1,5,20121127,,,115,20130322,13,0,1,12,,,,,,27,20130418,11
PF_0020091,446,2,1,7,20130425,,,115,20130818,13,0,0,13,,,,,,25,20130912,11
PF_0020091,450,5,1,5,20121106,,,111,20130225,17,0,3,14,,,,,,24,20130321,10
PF_0020091,450,6,1,4,20130325,,,113,20130716,14,0,0,14,,,,,,24,20130809,11
PF_0020091,450,7,2,0,20130907,,,113,20131229,14,0,1,13,,,,,,12,20140110,10
PF_0020091,458,6,1,6,20120909,,,114,20130101,12,0,1,11,,,,,,23,20130124,10
PF_0020091,458,7,1,5,20130129,,,116,20130525,13,0,3,10,,,,,,26,20130620,8
PF_0020091,458,8,1,5,20130625,,,116,20131019,9,0,0,9,,,,,,22,20131110,8
PF_0020091,460,6,1,5,20121030,,,115,20130222,17,0,2,15,,,,,,27,20130321,11
PF_0020091,460,7,1,4,20130325,,,115,20130718,15,0,0,15,,,,,,22,20130809,11
PF_0020091,460,8,1,12,20130821,,,118,20131217,12,0,0,12,,,,,,30,20140116,11
PF_0020091,465,2,1,14,20130202,,,116,20130529,13,0,0,13,,,,,,29,20130627,12
PF_0020091,465,3,1,49,20130815,,,114,20131207,13,0,0,13,,,,,,33,20140109,11
PF_0020091,469,1,1,40,20120929,,,114,20130121,13,1,0,12,,,,,,24,20130214,9
PF_0020091,469,2,1,4,20130218,,,115,20130613,9,0,0,9,,,,,,28,20130711,7
PF_0020091,469,3,1,6,20130717,,,115,20131109,11,0,0,11,,,,,,27,20131206,10
PF_0020091,474,0,1,242,20130627,,,117,20131022,13,0,0,13,,,,,,45,20131206,9
PF_0020091,490,6,1,5,20121002,,,115,20130125,11,0,0,11,,,,,,28,20130222,11
PF_0020091,490,7,1,5,20130227,,,116,20130623,15,0,0,15,,,,,,25,20130718,13
PF_0020091,490,8,1,5,20130723,,,114,20131114,11,0,0,11,,,,,,28,20131212,11
PF_0020091,497,1,1,16,20120912,,,114,20130104,14,0,0,14,,,,,,26,20130130,12
PF_0020091,497,2,1,6,20130205,,,114,20130530,10,0,0,10,,,,,,28,20130627,12
PF_0020091,497,3,1,7,20130704,,,114,20131026,9,0,0,9,,,,,,24,20131119,9
PF_0020091,498,1,2,0,20121123,,,115,20130318,14,0,2,12,,,,,,24,20130411,11
PF_0020091,498,2,1,6,20130417,,,116,20130811,10,0,0,10,,,,,,24,20130904,9
PF_0020091,507,2,1,5,20130129,,,115,20130524,10,0,0,10,,,,,,27,20130620,11
PF_0020091,507,3,1,6,20130626,,,121,20131025,11,0,0,11,,,,,,25,20131119,11
PF_0020091,516,1,1,15,20121109,,,115,20130304,15,0,1,14,,,,,,45,20130418,10
PF_0020091,517,1,1,5,20120908,,,115,20130101,8,0,0,8,,,,,,23,20130124,9
PF_0020091,517,2,1,4,20130128,,,116,20130524,14,0,4,10,,,,,,27,20130620,10
PF_0020091,517,3,1,4,20130624,,,115,20131017,16,0,1,15,,,,,,24,20131110,12
PF_0020091,518,0,1,242,20130630,,,116,20131024,6,0,0,6,,,,,,26,20131119,8
PF_0020091,533,1,1,5,20121122,,,115,20130317,12,0,0,12,,,,,,25,20130411,11
PF_0020091,533,2,1,40,20130521,,,115,20130913,4,0,0,4,,,,,,26,20131009,7
PF_0020091,546,10,1,5,20121002,,,115,20130125,14,1,2,11,,,,,,28,20130222,10
PF_0020091,549,0,1,242,20130611,,,115,20131004,10,0,0,10,,,,,,20,20131024,10
PF_0020091,552,1,2,0,20130107,,,114,20130501,13,0,1,12,,,,,,27,20130528,10
PF_0020091,552,2,1,29,20130626,,,117,20131021,13,0,2,11,,,,,,29,20131119,10
PF_0020091,580,3,1,5,20121106,,,113,20130227,14,0,0,14,,,,,,22,20130321,14
PF_0020091,580,4,1,5,20130326,,,113,20130717,12,0,0,12,,,,,,23,20130809,11
PF_0020091,583,3,1,6,20130102,,,114,20130426,13,0,2,11,,,,,,32,20130528,9
PF_0020091,583,4,1,5,20130602,,,114,20130924,10,0,0,10,,,,,,23,20131017,8
PF_0020091,584,3,1,6,20121031,,,115,20130223,12,0,0,12,,,,,,26,20130321,12
PF_0020091,584,4,2,0,20130508,,,114,20130830,12,0,0,12,,,,,,27,20130926,10
PF_0020091,585,6,1,5,20121016,,,115,20130208,13,0,0,13,,,,,,27,20130307,11
PF_0020091,585,7,1,5,20130312,,,117,20130707,11,0,0,11,,,,,,25,20130801,12
PF_0020091,585,8,1,11,20130812,,,117,20131207,11,0,0,11,,,,,,33,20140109,10
PF_0020091,589,6,1,5,20121009,,,116,20130202,8,8,0,0,,,,,,26,20130228,10
PF_0020091,589,7,1,5,20130305,,,116,20130629,10,0,2,8,,,,,,26,20130725,9
PF_0020091,589,8,1,4,20130729,,,115,20131121,11,0,0,11,,,,,,28,20131219,10
PF_0020091,592,3,1,4,20121207,,,115,20130401,8,0,0,8,,,,,,24,20130425,6
PF_0020091,592,4,1,12,20130507,,,114,20130829,15,0,2,13,,,,,,28,20130926,8
PF_0020091,593,3,1,5,20120908,,,118,20130104,11,0,1,10,,,,,,26,20130130,12
PF_0020091,593,4,1,5,20130204,,,115,20130530,10,0,0,10,,,,,,28,20130627,10
PF_0020091,593,5,1,21,20130718,,,116,20131111,10,0,0,10,,,,,,31,20131212,10
PF_0020091,595,3,1,5,20121009,,,116,20130202,13,0,0,13,,,,,,26,20130228,11
PF_0020091,595,4,1,6,20130306,,,114,20130628,13,0,0,13,,,,,,27,20130725,10
PF_0020091,595,5,1,4,20130729,,,115,20131121,10,0,0,10,,,,,,28,20131219,10
PF_0020091,596,4,4,0,20120913,,,115,20130106,13,0,4,9,,,,,,24,20130130,8
PF_0020091,596,5,1,5,20130204,,,115,20130530,10,0,4,6,,,,,,28,20130627,8
PF_0020091,597,3,1,4,20130107,,,114,20130501,13,0,0,13,,,,,,27,20130528,11
PF_0020091,597,4,1,4,20130601,,,114,20130923,15,0,0,15,,,,,,24,20131017,10
PF_0020091,601,5,2,0,20130119,,,117,20130516,12,0,0,12,,,,,,28,20130613,9
PF_0020091,601,6,1,9,20130622,,,118,20131018,10,0,2,8,,,,,,23,20131110,8
PF_0020091,614,4,1,5,20130124,,,117,20130521,13,0,0,13,,,,,,23,20130613,10
PF_0020091,614,5,1,5,20130618,,,114,20131010,15,0,1,14,,,,,,25,20131104,8
PF_0020091,632,0,1,295,20130804,,,114,20131126,12,0,0,12,,,,1,,34,20131230,11
PF_0020091,637,0,1,302,20130812,,,117,20131207,8,0,0,8,,,,,,33,20140109,10
PF_0020091,641,0,1,273,20130715,,,117,20131109,9,0,0,9,,,,,,27,20131206,12
PF_0020091,644,0,1,275,20130721,,,114,20131112,13,0,0,13,,,,,,30,20131212,11
PF_0020091,649,0,1,275,20130724,,,115,20131116,11,0,0,11,,,,,,33,20131219,12
PF_0020091,653,0,1,258,20130714,,,115,20131106,13,0,0,13,,,,2,,26,20131202,12
PF_0020091,656,0,1,259,20130712,,,117,20131106,15,0,0,15,,,,,,26,20131202,14
PF_0020091,675,8,1,5,20120918,,,116,20130112,15,0,3,12,,,,,,25,20130206,10
PF_0020091,675,9,1,5,20130211,,,115,20130606,8,0,0,8,,,,,,27,20130703,8
PF_0020091,675,10,1,5,20130708,,,115,20131031,10,0,0,10,,,,,,32,20131202,8
PF_0020091,683,8,1,5,20121002,,,117,20130127,10,0,0,10,,,,,,26,20130222,10
PF_0020091,684,8,1,29,20130101,,,115,20130426,12,0,0,12,,,,,,26,20130522,8
PF_0020091,688,0,1,242,20130618,,,118,20131014,15,0,2,13,,,,,,21,20131104,9
PF_0020292,1,15,1,5,20121024,,,114,20130215,11,0,0,11,,,,,,27,20130314,9
PF_0020292,8,1,1,5,20130101,,,114,20130425,11,0,0,11,,,,,,20,20130515,8
PF_0020292,8,2,1,6,20130521,,,117,20130915,11,0,0,11,,,,,,23,20131008,8
PF_0020292,9,1,1,5,20121227,,,114,20130420,11,0,0,11,,,,,,25,20130515,8
PF_0020292,10,0,1,250,20121107,,,114,20130301,11,0,0,11,,,,,,20,20130321,10
PF_0020292,10,1,1,7,20130328,,,117,20130723,11,0,0,11,,,,,,24,20130816,9
PF_0020292,10,2,1,5,20130821,,,115,20131214,12,0,0,12,,,,,,26,20140109,10
PF_0020292,11,0,1,250,20130622,,,115,20131015,9,0,0,9,,,,,,31,20131115,9
PF_0020292,12,0,1,250,20130819,,,117,20131214,10,0,0,10,,,,,,26,20140109,10
PF_0020292,620,11,1,5,20120922,,,114,20130114,17,2,0,15,,,,,,27,20130210,10
PF_0020292,1224,1,1,5,20121103,,,114,20130225,11,0,0,11,,,,,,24,20130321,9
PF_0020292,1224,2,1,7,20130328,,,117,20130723,11,0,0,11,,,,,,24,20130816,10
PF_0020292,1225,1,1,5,20120915,,,114,20130107,15,0,0,15,,,,,,24,20130131,10
PF_0020292,1225,2,2,18,20130219,,,115,20130614,11,0,0,11,,,,,,25,20130709,9
PF_0020292,1225,3,1,6,20130715,,,116,20131108,11,0,0,11,,,,,,27,20131205,10
PF_0020292,1226,0,1,332,20130128,,,118,20130526,12,0,0,12,,,,,,25,20130620,10
PF_0020292,1226,1,1,5,20130625,,,117,20131020,11,0,0,11,,,,,,26,20131115,10
PF_0020292,1227,0,1,250,20121111,,,114,20130305,10,0,0,10,,,,,,21,20130326,10
PF_0020292,1227,1,2,27,20130427,,,115,20130820,11,0,0,11,,,,,,26,20130915,10
PF_0020292,1228,0,1,250,20130506,,,118,20130901,10,0,0,10,,,,,,29,20130930,9
PF_0020292,1229,0,1,250,20130507,,,113,20130828,10,0,0,10,,,,,,23,20130920,8
PF_0020292,1231,0,1,250,20130601,,,116,20130925,11,0,0,11,,,,,,30,20131025,9
PF_0020292,1232,0,1,250,20130709,,,112,20131029,1,0,0,1,,,,,,31,20131129,8
PF_0020292,1233,0,1,250,20130805,,,115,20131128,12,1,0,11,,,,,,27,20131225,10
PF_0020292,1234,0,1,250,20130816,,,116,20131210,15,1,0,14,,,,,,30,20140109,7
PF_0020292,1235,0,1,250,20130827,,,115,20131220,12,0,0,12,,,,,,27,20140116,9
PF_0021301,53,2,1,0,20130521,,,117,20130915,12,0,0,12,,,,,,25,20131010,9
PF_0021301,63,2,1,0,20130521,,,116,20130914,8,0,0,8,,,,,,26,20131010,9
PF_0021301,69,1,1,0,20130117,,,116,20130513,13,0,0,13,,,,,,24,20130606,11
PF_0021301,69,2,1,5,20130611,,,116,20131005,13,0,1,12,,,,1,,26,20131031,12
PF_0021301,73,2,1,0,20130226,,,116,20130622,2,0,0,2,,,,,,26,20130718,10
PF_0021301,81,1,1,0,20130321,,,114,20130713,15,0,0,15,,,,,,26,20130808,11
PF_0021301,81,2,1,6,20130814,,,115,20131207,11,0,0,11,,,,,,26,20140102,11
PF_0021301,90,1,1,0,20130430,,,116,20130824,10,0,3,7,,,,3,,3,20130827,0
PF_0021301,111,1,1,0,20130522,,,117,20130916,11,0,0,11,,,,,,24,20131010,9
PF_0021301,120,1,1,0,20130521,,,117,20130915,7,0,0,7,,,,,,25,20131010,11
PF_0021301,132,1,1,0,20130524,,,116,20130917,13,1,0,12,,,,1,,23,20131010,10
PF_0021301,142,0,1,242,20130428,,,116,20130822,3,0,2,1,,,,2,,28,20130919,10
PF_0021301,145,0,1,260,20130611,,,115,20131004,13,0,0,13,,,,,,27,20131031,11
